<?xml version="1.0" encoding="UTF-8"?>    
<!DOCTYPE generatorConfiguration    
  PUBLIC "-//mybatis.org//DTD MyBatis Generator Configuration 1.0//EN"    
  "http://mybatis.org/dtd/mybatis-generator-config_1_0.dtd">    
<generatorConfiguration> 
<!-- 数据库驱动-->       
    <classPathEntry  location="mysql-connector-java-8.0.17.jar"/>    
    <context id="DB2Tables"  targetRuntime="MyBatis3">    
        <commentGenerator>    
            <property name="suppressDate" value="true"/>      
            <property name="suppressAllComments" value="true"/>    
        </commentGenerator>    
        <!--数据库链接URL，用户名、密码 -->   
        <jdbcConnection driverClass="com.mysql.jdbc.Driver" connectionURL="jdbc:mysql://192.168.34.70:3306/testmichael" userId="root" password="phpppp">    
        </jdbcConnection>    
        <javaTypeResolver>    
            <property name="forceBigDecimals" value="false"/>    
        </javaTypeResolver>    
        <!-- 生成模型的包名和位置-->
        <javaModelGenerator targetPackage="com.xxx.ws.entity" targetProject="src">    
            <property name="enableSubPackages" value="true"/>    
            <property name="trimStrings" value="true"/>    
        </javaModelGenerator>    
         <!-- 生成映射文件的包名和位置-->     
        <sqlMapGenerator targetPackage="com.xxx.ws.mapper" targetProject="src">    
            <property name="enableSubPackages" value="true"/>    
        </sqlMapGenerator>    
        <!-- 生成DAO的包名和位置-->    
        <javaClientGenerator type="XMLMAPPER" targetPackage="com.xxx.ws.mapper" targetProject="src">    
            <property name="enableSubPackages" value="true"/>    
        </javaClientGenerator>    
        <!-- 要生成的表 tableName是数据库中的表名或视图名 domainObjectName是实体类名-->  
        <table tableName="user" domainObjectName="UserEntity" enableCountByExample="false" enableUpdateByExample="false" enableDeleteByExample="false" enableSelectByExample="false" selectByExampleQueryId="false"></table>  
    </context>    
</generatorConfiguration> 